array size,execution time,one call execution times
32768,1196,1196
65536,2096,1091;1005
98304,3101,995;993;1113
131072,5183,984;1180;1398;1621
163840,8506,1864;1771;1640;1614;1617
196608,8241,1686;1592;1406;1213;1162;1182
229376,9022,1550;1269;1260;1264;1208;1243;1228
262144,9732,1327;1176;1171;1161;1168;1304;1204;1221
294912,11238,1223;1249;1209;1207;1204;1193;1334;1410;1209
327680,12106,1387;1198;1174;1185;1182;1178;1194;1204;1201;1203
360448,13282,1210;1180;1179;1201;1176;1203;1182;1378;1198;1187;1188
393216,14456,1160;1372;1188;1173;1169;1165;1163;1170;1174;1206;1191;1325
425984,15802,1306;1256;1181;1190;1169;1166;1199;1185;1190;1200;1194;1198;1368
458752,17367,1149;1387;1198;1174;1200;1206;1255;1285;1203;1233;1417;1246;1222;1192
491520,21018,1396;1314;1328;1397;1413;1498;1437;1260;1242;1478;1662;1293;1425;1347;1528
524288,20464,1619;1271;1343;1233;1353;1269;1328;1504;1221;1174;1169;1177;1218;1187;1204;1194
557056,21422,1188;1196;1162;1174;1188;1180;1227;1299;1410;1245;1544;1317;1273;1188;1204;1351;1276
589824,22702,1378;1185;1205;1266;1212;1213;1188;1244;1379;1322;1223;1469;1247;1245;1261;1228;1203;1234
622592,23762,1459;1198;1183;1192;1187;1220;1239;1206;1265;1236;1234;1375;1332;1212;1292;1228;1234;1224;1246
655360,25321,1246;1525;1217;1401;1225;1188;1208;1384;1312;1285;1307;1225;1230;1480;1178;1189;1180;1166;1179;1196
688128,25568,1414;1203;1191;1269;1185;1180;1191;1179;1174;1180;1235;1195;1400;1217;1209;1186;1195;1192;1197;1193;1183
720896,26457,1255;1201;1177;1195;1193;1186;1181;1170;1182;1186;1238;1420;1212;1185;1186;1186;1192;1174;1174;1187;1173;1204
753664,27814,1189;1229;1355;1211;1177;1184;1169;1179;1177;1176;1422;1229;1188;1188;1191;1197;1177;1183;1191;1178;1182;1207;1235
786432,29132,1177;1196;1179;1176;1171;1187;1213;1185;1189;1425;1256;1290;1210;1185;1193;1180;1183;1192;1372;1241;1187;1190;1180;1175
819200,30533,1162;1434;1196;1183;1208;1200;1191;1194;1187;1189;1186;1236;1234;1254;1450;1209;1194;1195;1189;1193;1193;1199;1192;1197;1268
851968,31588,1211;1195;1191;1205;1193;1194;1185;1184;1180;1179;1191;1422;1242;1195;1188;1184;1184;1183;1183;1186;1195;1194;1184;1252;1231;1457
884736,32828,1399;1236;1197;1174;1176;1188;1180;1189;1191;1183;1237;1199;1197;1209;1440;1267;1195;1184;1198;1193;1197;1208;1179;1186;1185;1217;1224
917504,34276,1191;1180;1192;1182;1187;1175;1169;1186;1190;1188;1231;1471;1237;1239;1213;1209;1210;1201;1199;1210;1202;1205;1216;1250;1493;1236;1212;1202
950272,35608,1178;1446;1214;1197;1193;1188;1202;1199;1207;1203;1202;1236;1226;1232;1283;1484;1221;1202;1195;1193;1210;1200;1194;1198;1201;1249;1227;1205;1223
983040,36961,1386;1268;1212;1184;1198;1202;1198;1191;1209;1263;1215;1194;1205;1223;1273;1506;1204;1199;1198;1188;1187;1203;1185;1183;1241;1214;1187;1200;1449;1196
1015808,38218,1393;1258;1189;1179;1177;1174;1179;1209;1254;1205;1182;1220;1203;1201;1227;1500;1220;1183;1180;1354;1207;1193;1206;1236;1269;1196;1193;1192;1203;1444;1192
1048576,39335,1420;1195;1193;1192;1188;1185;1182;1239;1261;1256;1202;1439;1251;1201;1192;1213;1188;1197;1192;1226;1253;1191;1192;1196;1218;1229;1525;1192;1187;1182;1180;1178
1081344,40475,1415;1248;1196;1184;1190;1183;1197;1186;1194;1240;1213;1195;1203;1210;1209;1243;1487;1180;1194;1191;1180;1181;1172;1196;1280;1215;1188;1200;1209;1221;1469;1215;1191
1114112,42080,1456;1218;1198;1203;1198;1201;1206;1262;1281;1211;1208;1208;1217;1240;1494;1226;1204;1213;1185;1197;1204;1202;1239;1234;1213;1207;1211;1222;1218;1506;1215;1198;1193;1192
1146880,43563,1453;1270;1204;1205;1201;1195;1197;1202;1237;1276;1211;1229;1227;1246;1234;1519;1245;1199;1198;1192;1195;1196;1192;1229;1302;1254;1221;1222;1221;1231;1487;1248;1211;1206;1208
1179648,44954,1450;1260;1199;1202;1218;1202;1203;1220;1266;1212;1206;1215;1237;1224;1243;1321;1505;1219;1244;1207;1206;1210;1206;1241;1487;1263;1213;1204;1257;1221;1221;1238;1225;1264;1220;1225
1212416,46485,1508;1281;1245;1214;1252;1225;1220;1213;1221;1239;1276;1241;1238;1236;1242;1283;1554;1225;1217;1208;1205;1216;1233;1213;1237;1271;1243;1232;1231;1239;1511;1221;1218;1221;1225;1215;1216
1245184,48179,1513;1244;1211;1218;1242;1223;1228;1223;1308;1351;1525;1269;1237;1217;1224;1211;1217;1219;1227;1207;1266;1484;1270;1217;1209;1295;1226;1209;1213;1212;1267;1252;1290;1234;1219;1242;1528;1232
1277952,48704,1492;1234;1224;1208;1218;1223;1210;1244;1295;1219;1221;1207;1225;1244;1257;1543;1230;1216;1226;1213;1214;1206;1198;1242;1286;1223;1223;1227;1236;1239;1532;1238;1209;1213;1216;1217;1201;1191;1244
1310720,50647,1520;1233;1252;1234;1207;1203;1209;1204;1221;1222;1499;1297;1227;1222;1226;1243;1233;1228;1232;1276;1284;1246;1249;1234;1242;1259;1546;1229;1233;1218;1226;1221;1219;1228;1248;1275;1260;1237;1246;1559
1343488,53616,1498;1210;1225;1211;1206;1195;1216;1310;1380;1345;1313;1278;1320;1321;1624;1313;1289;1291;1286;1293;1296;1284;1287;1309;1312;1317;1367;1344;1318;1553;1234;1224;1229;1218;1256;1293;1306;1351;1355;1312;1327
1376256,54760,1642;1317;1295;1301;1312;1308;1309;1311;1303;1346;1665;1455;1319;1308;1304;1338;1270;1222;1227;1262;1287;1237;1232;1247;1250;1285;1566;1229;1214;1223;1218;1217;1226;1221;1258;1311;1240;1225;1239;1245;1248;1528
1409024,56072,1581;1312;1287;1290;1276;1218;1225;1279;1350;1357;1320;1369;1566;1307;1280;1267;1315;1312;1302;1334;1367;1376;1567;1242;1208;1205;1228;1210;1233;1248;1257;1322;1411;1240;1530;1238;1222;1223;1215;1216;1219;1277;1271
1441792,55428,1212;1550;1219;1209;1218;1217;1226;1218;1243;1226;1249;1279;1239;1221;1234;1245;1594;1236;1219;1217;1209;1207;1216;1216;1200;1240;1291;1255;1241;1536;1234;1228;1217;1221;1219;1229;1215;1215;1259;1296;1527;1233;1234;1219
1474560,56957,1510;1284;1222;1223;1233;1214;1213;1228;1260;1348;1246;1238;1242;1240;1248;1302;1571;1238;1227;1214;1243;1229;1215;1222;1273;1307;1247;1231;1237;1236;1262;1555;1229;1225;1225;1225;1232;1223;1230;1282;1316;1248;1235;1260;1269
1507328,58356,1223;1218;1216;1211;1537;1246;1222;1218;1212;1227;1213;1224;1225;1318;1205;1520;1231;1224;1226;1213;1212;1232;1270;1261;1295;1272;1238;1242;1243;1259;1575;1247;1250;1276;1246;1234;1226;1239;1259;1278;1310;1249;1240;1243;1246;1585
1540096,59848,1501;1231;1213;1217;1204;1213;1224;1248;1304;1286;1507;1310;1259;1258;1278;1229;1221;1223;1248;1305;1276;1531;1243;1232;1223;1232;1226;1236;1299;1266;1338;1235;1532;1240;1214;1212;1218;1221;1217;1234;1244;1575;1267;1225;1217;1210;1206
1572864,61333,1552;1231;1222;1227;1219;1222;1231;1229;1243;1333;1226;1231;1251;1255;1267;1598;1243;1232;1239;1227;1240;1231;1222;1268;1320;1280;1244;1235;1263;1257;1593;1251;1263;1388;1250;1221;1237;1256;1266;1282;1287;1223;1223;1247;1257;1573;1243;1235
1605632,62344,1516;1231;1220;1238;1225;1221;1271;1257;1340;1539;1302;1233;1227;1220;1224;1214;1228;1247;1345;1222;1233;1242;1249;1255;1596;1254;1238;1228;1216;1219;1223;1240;1238;1343;1228;1235;1237;1248;1366;1627;1250;1217;1228;1219;1204;1205;1247;1280;1259
1638400,63557,1590;1226;1223;1224;1223;1221;1214;1219;1238;1255;1386;1249;1237;1238;1244;1602;1252;1228;1221;1218;1227;1213;1218;1275;1259;1316;1244;1257;1234;1245;1585;1242;1226;1229;1232;1234;1247;1234;1251;1268;1323;1254;1233;1225;1237;1591;1258;1231;1240;1221
1671168,65318,1553;1233;1231;1218;1218;1220;1216;1231;1240;1339;1580;1267;1229;1223;1226;1208;1213;1222;1277;1262;1365;1260;1248;1254;1258;1575;1225;1215;1218;1230;1227;1237;1247;1259;1344;1560;1249;1239;1233;1228;1217;1242;1234;1265;1332;1278;1256;1272;1268;1265;1612
1703936,65734,1546;1243;1235;1230;1213;1203;1246;1235;1344;1214;1220;1227;1228;1235;1255;1581;1216;1215;1223;1206;1202;1231;1251;1328;1263;1235;1247;1268;1240;1552;1311;1227;1213;1221;1223;1228;1237;1255;1341;1556;1241;1230;1216;1206;1200;1217;1246;1299;1259;1225;1228;1223
1736704,67191,1217;1231;1216;1224;1214;1216;1214;1249;1688;1262;1220;1213;1216;1210;1210;1214;1244;1286;1287;1236;1242;1230;1257;1611;1225;1230;1219;1212;1249;1245;1232;1267;1322;1296;1249;1257;1246;1251;1591;1245;1216;1209;1213;1473;1289;1219;1217;1506;1222;1219;1230;1226;1209
1769472,68414,1589;1227;1212;1215;1203;1198;1200;1238;1266;1282;1315;1253;1248;1249;1261;1615;1215;1216;1217;1211;1256;1256;1259;1327;1285;1239;1240;1246;1248;1251;1580;1225;1237;1218;1223;1234;1228;1261;1306;1268;1233;1250;1237;1240;1245;1570;1215;1223;1210;1212;1206;1224;1237;1295
1802240,69923,1622;1234;1226;1230;1222;1218;1207;1212;1248;1240;1339;1576;1246;1242;1245;1238;1246;1236;1230;1265;1280;1329;1229;1235;1244;1270;1612;1233;1234;1244;1237;1228;1231;1228;1292;1317;1286;1222;1223;1234;1581;1228;1223;1222;1225;1231;1215;1214;1256;1262;1325;1233;1241;1262;1275
1835008,72115,1505;1327;1220;1224;1263;1221;1334;1358;1305;1311;1238;1584;1234;1231;1226;1229;1213;1217;1254;1262;1649;1362;1242;1235;1257;1231;1214;1213;1259;1268;1268;1243;1234;1240;1260;1619;1257;1228;1221;1217;1225;1222;1557;1240;1230;1232;1226;1228;1270;1286;1258;1352;1247;1250;1257;1562
1867776,73294,1550;1240;1221;1245;1259;1233;1267;1250;1379;1242;1248;1240;1254;1243;1249;1606;1240;1571;1256;1229;1222;1249;1228;1333;1241;1229;1576;1238;1222;1214;1221;1224;1236;1259;1310;1311;1289;1241;1237;1251;1254;1606;1231;1218;1224;1214;1210;1270;1261;1369;1254;1236;1232;1237;1234;1267;1624
1900544,74091,1578;1237;1228;1209;1211;1239;1252;1303;1293;1225;1228;1237;1233;1254;1584;1309;1229;1230;1242;1234;1237;1269;1310;1303;1331;1249;1247;1246;1266;1623;1240;1236;1225;1237;1237;1263;1244;1363;1239;1228;1264;1244;1250;1258;1600;1255;1240;1228;1213;1223;1263;1294;1332;1253;1249;1272;1250;1255
1933312,75499,1219;1225;1227;1215;1551;1302;1240;1238;1233;1236;1262;1262;1309;1303;1230;1232;1252;1256;1277;1640;1237;1234;1234;1235;1234;1231;1278;1269;1354;1256;1239;1244;1252;1275;1629;1225;1222;1232;1226;1214;1244;1277;1325;1306;1241;1257;1246;1254;1605;1316;1244;1243;1249;1251;1226;1262;1263;1380;1281
1966080,77478,1637;1265;1276;1243;1246;1233;1230;1306;1289;1278;1388;1266;1239;1250;1279;1643;1242;1243;1228;1237;1247;1226;1239;1275;1280;1349;1257;1244;1616;1243;1228;1211;1227;1227;1226;1221;1264;1249;1343;1273;1614;1258;1319;1269;1244;1243;1237;1234;1275;1274;1369;1266;1250;1256;1583;1331;1256;1247;1247;1243
1998848,78780,1579;1289;1239;1233;1233;1212;1226;1243;1273;1467;1312;1227;1230;1605;1250;1238;1243;1239;1258;1238;1242;1286;1274;1355;1239;1231;1244;1434;1516;1244;1261;1247;1234;1240;1244;1268;1257;1310;1304;1238;1256;1266;1645;1261;1261;1249;1238;1240;1244;1245;1284;1307;1354;1262;1267;1263;1655;1259;1256;1237;1229
2031616,79984,1609;1243;1233;1237;1227;1226;1220;1265;1269;1355;1265;1245;1254;1255;1265;1629;1230;1238;1250;1235;1236;1233;1294;1284;1769;1294;1239;1245;1239;1239;1244;1231;1274;1275;1311;1255;1255;1265;1271;1667;1246;1230;1231;1235;1236;1236;1267;1268;1384;1602;1299;1257;1249;1234;1227;1237;1245;1297;1277;1344;1263;1250
2064384,82055,1226;1247;1242;1225;1234;1230;1233;1250;1266;1624;1243;1242;1242;1232;1231;1237;1238;1253;1281;1368;1260;1238;1255;1284;1651;1246;1249;1253;1245;1232;1230;1222;1284;1263;1377;1276;1247;1267;1640;1591;1255;1258;1250;1233;1244;1298;1266;1358;1635;1306;1245;1233;1233;1233;1235;1277;1256;1348;1258;1239;1707;1752;1282
2097152,87458,1756;1359;1334;1306;1306;1258;1250;1349;1367;1272;1266;1265;1302;1254;1272;1749;1308;1371;1435;1310;1646;1386;1279;1243;1269;1336;1616;1508;1843;1543;1469;1259;1230;1224;1372;1291;1317;1309;1314;1243;1420;1270;1647;1289;1302;1341;1374;1394;1339;1303;1478;1375;1246;1293;1284;1260;1611;1321;1230;1226;1360;1371;1484;1454
2129920,93323,1710;1330;1274;1452;1279;1310;1269;1355;1308;1622;1703;1605;1613;1841;1538;1413;1467;1407;1381;1378;1447;1452;1579;1434;1756;1436;1385;1397;1433;1438;1414;1446;1479;1545;1440;1794;1431;1473;1404;1417;1418;1450;1499;1813;1451;1396;1429;1417;1392;1313;1373;1380;1286;1381;1734;1335;1276;1243;1235;1242;1276;1263;1334;1301;1231
2162688,95949,1681;1251;1291;1462;1342;1297;1293;1340;1320;1285;1371;1774;1333;1283;1372;1428;1321;1258;1269;1349;1388;1383;1369;1254;1255;1296;1835;1302;1333;1452;1577;1487;1598;1516;1483;1414;1536;1437;2144;1386;1356;1272;1383;1493;1402;1300;1430;1445;1578;2192;1891;1398;1354;1350;1599;1716;1682;1696;1527;1673;1506;1302;1279;1328;1500;1532
2195456,87491,1631;1261;1246;1240;1222;1245;1276;1304;1344;1628;1268;1237;1253;1252;1249;1282;1267;1390;1261;1240;1257;1260;1273;1292;1688;1252;1247;1237;1244;1262;1312;1274;1399;1278;1251;1256;1252;1260;1665;1240;1233;1246;1597;1251;1236;1238;1240;1279;1260;1358;1327;1242;1248;1255;1260;1266;1626;1328;1246;1382;1309;1247;1267;1287;1347;1368;1253
2228224,89507,1684;1271;1250;1363;1253;1231;1227;1297;1370;1469;1300;1664;1267;1254;1257;1249;1244;1247;1287;1275;1410;1666;1304;1242;1277;1253;1258;1251;1253;1288;1298;1443;1253;1254;1269;1272;1688;1255;1252;1244;1241;1248;1250;1281;1293;1372;1284;1259;1253;1276;1706;1296;1303;1267;1248;1267;1265;1269;1308;1337;1370;1277;1248;1255;1263;1699;1239;1244
2260992,90124,1653;1261;1237;1242;1232;1249;1274;1260;1395;1280;1249;1266;1282;1274;1691;1279;1255;1254;1246;1250;1252;1300;1263;1407;1286;1261;1253;1296;1707;1270;1259;1266;1253;1246;1283;1292;1353;1358;1263;1273;1273;1281;1659;1245;1244;1238;1241;1233;1274;1285;1390;1344;1259;1262;1257;1290;1707;1304;1270;1256;1255;1262;1265;1290;1288;1395;1271;1257;1259
2293760,91260,1229;1238;1243;1294;1267;1255;1298;1296;1381;1782;1282;1271;1255;1258;1255;1236;1269;1295;1289;1381;1243;1249;1255;1340;1691;1249;1245;1236;1242;1239;1249;1289;1286;1411;1274;1248;1259;1268;1681;1240;1248;1236;1237;1242;1238;1288;1254;1387;1283;1288;1264;1268;1684;1275;1277;1261;1273;1236;1233;1294;1297;1382;1341;1278;1267;1269;1670;1246;1246;1230
2326528,93472,1219;1673;1266;1299;1348;1330;1416;1287;1298;1319;1409;1281;1274;1293;1289;1721;1296;1268;1258;1245;1245;1243;1296;1308;1370;1717;1317;1261;1257;1249;1260;1253;1245;1283;1275;1354;1257;1263;1262;1269;1694;1268;1248;1237;1233;1247;1270;1279;1304;1401;1280;1269;1247;1286;1709;1262;1256;1252;1248;1243;1244;1286;1271;1373;1699;1278;1255;1250;1299;1264;1247
2359296,94576,1693;1266;1266;1255;1247;1241;1249;1271;1297;1351;1345;1259;1250;1289;1701;1289;1240;1239;1269;1247;1251;1276;1310;1277;1414;1293;1251;1278;1309;1703;1256;1260;1249;1251;1248;1253;1299;1289;1384;1705;1355;1281;1499;1355;1276;1252;1249;1251;1319;1372;1763;1267;1248;1227;1235;1237;1223;1245;1274;1319;1282;1231;1243;1273;1709;1243;1273;1284;1233;1232;1235;1271
2392064,98006,1692;1268;1244;1232;1225;1227;1228;1239;1226;1280;1293;1328;1270;1300;1726;1294;1261;1268;1287;1238;1239;1230;1234;1261;1280;1365;1272;1248;1463;1494;1251;1310;1367;1335;1333;1333;1336;1356;1396;1452;1394;1670;1252;1241;1235;1424;1352;1362;1328;1329;1395;1326;1344;1264;1302;1770;1324;1300;1358;1337;1310;1283;1286;1329;1372;1523;1518;1438;1328;1724;1327;1289;1291
2424832,98683,1811;1401;1323;1365;1326;1469;1361;1349;1342;1475;1552;1380;1302;1260;1738;1289;1272;1274;1295;1257;1252;1310;1333;1271;1402;1307;1656;1257;1249;1257;1235;1240;1232;1283;1276;1368;1300;1267;1249;1345;1694;1255;1261;1272;1263;1248;1237;1280;1291;1356;1765;1342;1276;1296;1298;1257;1236;1229;1233;1268;1270;1358;1246;1302;1346;1715;1267;1252;1263;1247;1254;1297;1270;1309
2457600,132541,1694;1348;1459;1309;1257;1241;1234;1242;1304;1282;1360;1323;1297;1488;2588;2466;2094;2020;2372;2010;1706;1669;1866;1552;1609;1622;2202;1602;2117;1557;1572;1514;1579;1646;1654;1920;1545;1390;1560;2337;1435;1639;1506;1356;1399;1319;1331;1442;1431;1653;2272;1797;3965;2669;2330;1867;1860;1756;1771;1964;2210;1938;1730;1898;1646;1626;1553;2119;1609;1517;1656;2605;1998;2732;2335
2490368,123481,2232;1821;1750;1629;1622;1624;1688;1999;1495;1541;1806;1725;1641;1627;2006;2109;1666;1325;1320;1330;1438;1510;1285;1274;1267;1322;1367;1348;1885;1300;1264;1238;1246;1295;1255;1382;1287;1235;1247;1251;1664;1281;1244;1257;1253;1283;1315;1714;1269;1250;1257;1258;1467;1318;1802;1438;1699;1782;2386;2251;1814;1846;2137;2161;2203;2699;2412;1835;2186;1829;1843;2078;1917;1851;2111;1719
2523136,111802,1953;1504;1393;1484;1519;1425;1538;1377;1363;1341;1330;1392;2016;1636;1509;1531;1314;1347;1267;1500;1474;1400;1300;1291;1693;1246;1251;1242;1289;1253;1454;1772;1369;1247;1232;1330;1345;1450;1790;1348;1355;1324;1317;1298;1381;1434;1421;1326;1310;1329;1373;1342;1811;1296;1285;1311;1423;1398;1894;1373;1340;1343;1369;1369;1327;1293;1277;1257;1264;1294;1335;1439;2312;1718;1578;2320;2451
2555904,124790,2010;1604;1670;1626;1468;1943;1695;1956;1578;1363;1450;1555;1857;1374;1333;1453;1292;1292;1487;1925;1605;2206;1361;1314;1307;1328;1402;1405;1571;1324;1318;1317;1320;1452;1395;1854;1792;1564;1412;1348;1888;1437;1419;2035;1708;1506;1550;1563;1537;2088;1614;1526;1567;1594;1584;1652;2108;1780;1597;1614;1572;1619;1628;2183;1678;1588;1551;1579;1595;1650;2057;1567;1566;1556;1588;1556;1748;1616
2588672,127389,2084;1640;1601;2118;1641;1522;1591;1692;1694;1678;2209;1697;1595;1548;1603;1680;1603;1659;1615;1613;1663;1548;1571;1552;2011;1562;1518;1510;1582;1687;1581;1722;1673;1666;1559;2006;1616;1542;1550;1546;1681;1700;1723;1793;1716;1365;1492;1563;1682;2066;1599;1355;1322;1537;1774;1877;2068;1478;1409;1482;1769;1487;1385;1402;1321;1385;1364;1798;1354;1270;1259;1259;1289;1366;1437;1455;1427;1427;2505
2621440,109054,2252;1636;1530;1300;1289;1282;1417;1290;1280;1311;1276;1289;1286;1275;1708;1361;1271;1258;1260;1329;1397;1399;1266;1262;1810;1600;1426;1265;1237;1309;1374;1488;1354;1280;1298;1264;1710;1283;1290;1482;1522;1455;1351;1734;1259;1251;1261;1309;1280;1384;1371;1286;1265;1295;1262;1285;1322;1697;1274;1286;1255;1314;1291;1404;1346;1282;1272;1258;1276;1271;1289;1707;1242;1233;1233;1286;1294;1383;1324;1251
2654208,109182,1718;1262;1253;1271;1545;1690;1336;1269;1429;1334;1693;1254;1238;1242;1235;1259;1313;1312;1402;1299;1263;1253;1263;1262;1725;1272;1265;1257;1260;1260;1305;1308;1431;1365;1306;1456;1324;1323;1768;1302;1280;1270;1285;1254;1307;1259;1432;1347;1429;1417;1294;1286;1751;1315;1247;1275;1247;1243;1307;1288;1432;1359;1277;1279;1269;1717;1259;1259;1256;1244;1266;1304;1276;1432;1689;1318;1267;1311;1376;1342;1395
2686976,136269,1816;1484;1589;1555;1315;1388;1578;1871;1720;1893;1391;1370;1368;1357;1595;1977;1617;1589;1552;1774;2072;1730;1617;1876;2108;1576;1809;1502;1617;1677;2323;1706;1633;1615;1537;1574;1589;1611;2326;1340;1261;1271;1262;1249;1257;1306;1336;1620;1643;2241;1958;2656;2389;1928;1862;1809;2105;2047;2618;2481;1555;1404;1711;1462;1499;2170;2014;1460;1381;1460;1486;1596;1931;1302;1289;1309;1335;1386;1334;1452;1473;1324
2719744,136707,2133;1508;1669;1714;1849;2219;1857;1746;1618;1594;1589;1718;1822;1605;1483;1724;1742;2320;1842;1678;1662;1626;1628;1691;1732;1703;1882;1541;1567;1437;1610;2421;1334;1321;1475;1731;1779;1770;1480;2004;1982;1420;1871;2166;1746;1398;1421;1872;1430;1508;1498;1432;1381;1620;1430;1688;1709;1876;1295;1310;1247;1233;1275;1289;1385;1494;1531;1848;1523;1405;1352;1995;1774;1573;1484;1857;1634;1818;1692;1554;1682;1393;1792
2752512,130709,1481;1969;1684;1539;1893;1485;1559;1848;1716;2372;1527;1506;2333;1497;1974;1568;1623;1284;1397;1852;2092;1463;1401;1416;1580;1368;1980;1368;1298;1375;1379;1610;1911;1568;1323;1260;1258;1645;1293;1302;1833;1354;1379;1395;1407;1449;1384;1804;1765;1832;2029;1331;1321;1351;1870;1662;1762;1579;1388;1776;1647;1850;1467;1792;1319;1329;1738;1614;1747;1580;1570;1545;1418;1327;1250;1273;1261;1275;1276;1285;1721;1256;1250;1251
2785280,115100,1770;1351;1344;1333;1369;1362;1863;1411;1336;1321;1324;1395;1408;1454;1337;1332;1348;1277;1262;1270;1764;1253;1253;1248;1257;1305;1345;1787;1336;1267;1252;1293;1292;1293;1355;1282;1252;1268;1271;1290;1266;1747;1249;1249;1259;1260;1305;1325;1414;1724;1266;1241;1251;1261;1293;1318;1412;1257;1661;1334;1268;1285;1248;1314;1293;1417;1427;1320;1273;1268;1284;1310;1781;1287;1283;1259;1280;1307;1340;1409;1287;1278;1280;1258;1722
2818048,129618,1691;1268;1243;1245;1268;1295;1399;1279;1250;1253;1284;1253;1261;1315;1972;1493;1344;1264;1348;1342;1514;1774;1319;1298;1264;1284;1276;1419;1308;1238;1246;1260;1256;1256;1279;1746;1248;1244;1255;1315;1267;1419;1743;1260;1238;1231;1297;1285;1377;1285;1251;1259;1253;1253;1719;1257;1248;1244;1293;1276;1429;1770;1258;1260;1244;1293;1280;1365;1381;1941;2189;2663;2402;2472;2466;2606;2143;1849;1848;2444;2101;2366;1917;2048;1713;1849
2850816,137954,2206;1831;1907;1733;1588;1772;1435;1674;1392;2093;1659;1908;1561;1392;1727;1406;1984;1691;1819;1591;1350;1629;2303;1469;1278;1252;1386;1851;1598;1390;1320;1378;1492;2050;1767;1760;1421;1728;1316;1348;2020;1655;1423;1428;1794;1567;1407;1466;1541;1873;1328;1370;1405;1343;1482;1467;1559;1529;1413;1400;1828;1563;2484;1588;1347;1504;1835;1430;1403;1676;1521;1359;1779;2087;1506;1760;1638;1484;1417;1433;1564;1470;1269;1282;1243;1270;1289
2883584,116613,1646;1350;1237;1233;1279;1294;1418;1351;1246;1262;1259;1248;1263;1292;1785;1254;1245;1243;1250;1274;1304;1407;1302;1250;1249;1251;1249;1291;1749;1246;1239;1232;1277;1274;1329;1653;1284;1253;1266;1261;1255;1760;1266;1248;1234;1238;1297;1320;1427;1320;1275;1271;1264;1718;1319;1249;1235;1229;1281;1259;1390;1342;1271;1265;1260;1263;1287;1746;1258;1258;1262;1253;1311;1305;1428;1718;1266;1258;1261;1273;1258;1315;1393;1666;1315;1251;1243;1237
2916352,118833,1760;1285;1254;1242;1237;1258;1296;1322;1789;1355;1257;1247;1249;1259;1268;1289;1328;1289;1255;1268;1254;1295;1749;1259;1264;1253;1251;1285;1301;1363;1408;1736;1314;1267;1258;1254;1282;1305;1362;1399;1724;1266;1275;1274;1248;1262;1300;1370;1794;1347;1280;1260;1265;1255;1277;1296;1336;1282;1273;1262;1267;1310;1787;1273;1259;1264;1261;1259;1320;1314;1434;1298;1261;1278;1288;1286;1772;1264;1254;1247;1266;1273;1285;1359;1395;1258;1260;1533;1496
2949120,119857,1741;1252;1239;1287;1322;1302;1491;1346;1271;1293;1274;1706;1319;1245;1235;1259;1297;1271;1419;1354;1256;1267;1265;1300;1356;1782;1273;1247;1234;1294;1384;1462;1367;1257;1277;1304;1313;1271;1778;1254;1236;1240;1258;1269;1301;1422;1276;1252;1316;1278;1260;1274;1754;1260;1252;1247;1294;1292;1423;1337;1271;1274;1265;1265;1298;1568;1513;1262;1258;1248;1297;1285;1430;1346;1259;1268;1272;1266;1273;1851;1327;1257;1235;1301;1291;1316;1409;1315;1261;1271
2981888,123807,1274;1257;1269;1248;1250;1294;1293;1317;1416;1284;1278;1252;1758;1301;1250;1244;1249;1260;1268;1271;1371;1362;1270;1256;1242;1317;1789;1255;1270;1249;1234;1255;1296;1303;1429;1390;1373;1356;1364;1921;1384;1345;1317;1278;1235;1420;1379;1492;1498;1488;1426;1457;1865;1418;1387;1387;1362;1361;1365;1387;1434;1542;1405;1358;1342;1319;1737;1258;1252;1238;1236;1287;1294;1401;1355;1261;1332;1328;1333;1816;1271;1290;1254;1260;1279;1419;1414;1543;1349;1259;1355
3014656,153786,1386;1300;1755;1308;1343;1270;1267;1309;1317;1736;1283;1327;1292;1262;1313;1326;1407;1514;1379;1489;1792;1652;2395;1746;1688;1781;1762;1775;1825;1857;2343;1691;1620;1637;1665;2324;1788;1779;1718;1766;2188;1383;1737;2280;1526;1554;1701;1563;1532;1308;1266;1260;1953;1668;1445;1317;1289;1352;1379;1338;1486;1647;2305;1847;1655;2262;1867;2401;2393;1692;1663;2114;1940;2115;1852;1844;2337;1720;1584;1610;1544;1907;1709;2220;1662;1785;1841;1622;1536;1488;1425;1487
3047424,139301,1891;1304;1367;1301;1347;1416;1320;1591;2218;1656;1644;1642;1654;2240;1702;1586;1924;1745;1749;1826;1938;2312;1659;1560;1623;1544;1512;1616;2053;1550;1596;1602;1553;1448;1329;1450;1433;1314;1356;1323;1327;1437;1849;1300;1266;1280;1287;1286;1306;1520;1551;1367;1821;1322;1356;1387;1359;1347;1343;1406;1497;1319;1374;1505;1861;1281;1365;1281;1269;1424;1467;1478;1424;1759;1314;1330;1339;1337;1298;1453;1436;1523;1421;1386;1346;1302;1299;1804;1304;1264;1261;1275;1294
3080192,126952,1758;1271;1299;1255;1256;1249;1308;1276;1770;1263;1257;1287;1249;1256;1297;1290;1458;1294;1323;1267;1289;1316;1798;1275;1253;1253;1262;1287;1299;1284;1428;1300;1299;1291;1279;1783;1275;1268;1297;1271;1301;1345;1300;1436;1374;1283;1295;1286;1311;1769;1261;1258;1248;1250;1300;1301;1365;1408;1277;1257;1271;1272;1842;1300;1275;1248;1288;1467;1414;1415;1402;1376;1282;1271;1317;1290;1760;1258;1243;1241;1233;1256;1311;1300;1593;1364;1324;1330;1459;2020;1443;1376;1289;1307
3112960,133088,1805;1283;1263;1279;1286;1333;1331;1378;1507;1361;1867;1390;1322;1269;1264;1273;1304;1280;1452;1337;1448;1292;1278;1804;1373;1367;1337;1367;1353;1335;1380;1428;1503;1426;1283;1279;1790;1288;1266;1262;1258;1255;1341;1400;1508;1434;1359;1306;1336;1817;1317;1281;1281;1330;1407;1383;1445;1640;1876;1354;1443;1314;1312;1286;1331;1323;1929;1339;1284;1375;1389;1368;1481;1453;1344;1345;1301;1290;1293;1372;1996;1379;1423;1423;1334;1313;1404;1473;1461;1380;1833;1316;1280;1418;1312
3145728,137615,1842;1297;1361;1296;1330;1428;1479;1464;1542;1432;1447;1391;1414;1825;1404;1379;1427;1396;1349;1370;1349;1349;1440;1296;1279;1276;1283;1942;1468;1403;1287;1258;1318;1451;1462;1579;1418;1390;1366;1473;1692;1647;1367;1363;1367;1324;1377;1411;1382;1569;1383;1390;1334;1398;1883;1436;1346;1390;1376;1354;1480;1503;1545;1370;2002;1440;1335;1277;1257;1281;1296;1298;1509;1932;1326;1269;1291;1305;1312;1367;1859;1511;1399;1456;1550;1503;1380;1395;1551;1396;1269;1272;1387;1398;1858;1287
3178496,140176,1774;1511;1366;1346;1370;1357;1342;1443;1321;1333;1416;1409;1433;1995;1417;1419;1408;1452;1429;1412;1541;1567;1421;1440;1417;1424;1479;1969;1394;1405;1418;1421;1411;1801;1507;1490;1332;1781;1349;1407;1421;1437;1429;1560;1570;1361;1295;1407;1350;1377;1386;1915;1332;1320;1336;1323;1334;1350;1840;1357;1311;1274;1297;1299;1326;1349;1450;1345;1331;1436;1491;1484;2027;1394;1283;1367;1469;1517;1554;1670;1456;1317;1306;1303;1359;1846;1398;1439;1453;1288;1319;1330;1503;1377;1302;1404;1475
3211264,139894,1427;1438;1415;1410;1411;1372;1849;1418;1353;1378;1303;1308;1389;1470;1553;1450;1440;1301;1333;1801;1278;1259;1258;1295;1347;1388;2170;2244;1376;1440;2056;1377;1297;1330;1338;1399;1346;1528;2313;1353;1321;1281;1279;1283;1376;1493;1743;1451;1386;1407;1437;2003;1325;1375;1331;1368;1334;1291;1367;1415;1294;1273;1274;1278;1823;1365;1360;1348;1355;1342;1319;1324;1469;1419;1328;1357;1326;1343;1827;1325;1313;1288;1377;1328;1265;1426;1330;1266;1269;1263;1283;1883;1363;1418;1404;1405;1403;1384
3244032,151233,1861;1294;1350;1349;1343;1346;1358;1353;1380;1435;1421;1375;1958;1367;1316;1296;1303;1326;1522;1837;1938;2139;2328;1808;1783;1703;1570;1661;1787;1750;2364;1694;1646;1643;1609;1669;1639;1711;2139;1595;2235;1615;1311;1308;1320;1335;1472;1365;1890;1316;1315;1300;1284;1264;1317;1352;1393;1491;1337;1342;1759;1392;1338;1308;1299;1278;1288;1346;1363;1507;1422;1337;1423;2093;1667;1713;1700;1603;1561;1512;1593;1632;1778;2222;1495;1327;1287;1319;1325;1269;1297;1285;1864;1316;1323;1294;1411;1380;1379
3276800,149933,1942;1397;1363;1332;1304;1310;1282;1318;1368;1617;1516;1414;1391;1904;1302;1282;1291;1303;1365;1332;1383;1336;1468;1383;1290;1290;1356;1825;1278;1277;1313;1274;1359;1634;1451;1541;1479;1342;1951;1291;1334;1400;1347;1349;1414;1414;1372;1578;1465;1836;1369;1404;1370;1312;1388;1386;1391;1369;1559;1937;1388;1364;1327;1569;1735;1389;1343;1504;1499;1407;1352;1423;2278;1517;1381;1443;1577;1377;1593;1447;1393;1465;1496;2089;1857;1869;1466;1627;2681;1657;1608;1394;1320;1724;1555;1763;1740;2141;1688;1639
3309568,159900,2013;1481;1495;1547;1423;1716;1497;1932;1507;1421;2458;1612;1828;1694;1492;1471;1384;1758;2018;1989;1503;1439;2236;2395;1542;1498;1574;1619;1532;1685;1448;1702;2160;1602;1566;1771;1443;1495;2293;1728;1414;1403;1273;1303;1372;1575;1751;1536;1715;1481;1475;1547;1835;1469;1497;1540;1447;1533;1830;1857;1760;2173;1547;1373;1545;1395;1297;1321;1354;1600;1464;1444;1406;1982;1455;1319;1280;1317;1317;1350;1424;1560;1456;1463;1403;1361;1791;1517;1459;1404;1440;1347;1448;1465;1602;1570;2052;1432;1402;1398;1387
3342336,145039,1961;1425;1393;1385;1382;1349;1428;1379;1518;1376;1463;1508;1500;1922;1451;1409;1376;1314;1310;1411;1473;1523;1326;1333;1358;1415;1967;1415;1399;1391;1395;1409;1399;1402;1552;1479;1284;1288;1302;1383;1929;1382;1381;1363;1360;1334;1330;1418;1399;1278;1409;1899;1290;1269;1262;1271;1278;1401;1421;1462;1362;1275;1391;1379;2013;1523;1410;1295;1273;1268;1327;1425;1573;1380;1311;1419;1377;1885;1344;1328;1307;1306;1324;1305;1357;1486;1893;1327;1368;1387;1328;1331;1345;1357;1423;1276;1277;1326;1823;1404;1321;1321
3375104,144092,1901;1362;1320;1323;1347;1374;1308;1401;1394;1289;1271;1278;1777;1287;1274;1384;1402;1399;1460;1686;1641;1587;1290;1393;1387;1910;1316;1288;1273;1293;1349;1334;1490;1383;1395;1433;1332;1304;1945;1383;1379;1422;1388;1351;1338;1452;1545;1382;1467;1405;1387;1918;1393;1381;1370;1382;1390;1341;1323;1471;1345;1410;1323;1310;1868;1357;1334;1307;1323;1397;1387;1319;1901;1339;1269;1285;1261;1268;1314;1351;1362;1266;1275;1308;1783;1346;1282;1285;1272;1275;1315;1312;1467;1350;1268;1280;1289;1397;1735;1274;1285;1275;1275
3407872,147845,1803;1287;1276;1314;1343;1274;1303;1325;1401;1458;1483;1320;1297;2014;1414;1379;1307;1301;1312;1279;1312;1371;1440;1285;1283;1299;1899;1301;1346;1305;1396;1388;1344;1390;1954;1462;1346;1387;1424;1447;1392;1516;1462;1385;1426;1574;1555;2136;1584;1466;1496;1438;1376;1314;1353;1365;1509;1347;1319;1313;1866;1371;1356;1318;1299;1318;1305;1387;1433;1599;1401;1360;1319;1844;1371;1300;1335;1285;1379;1337;1368;1375;1446;1319;1279;1350;1310;2102;1452;1295;1299;1381;1337;1468;1436;1503;1418;1333;1343;1345;1859;1338;1343;1368
3440640,142567,1851;1277;1270;1262;1270;1304;1353;1782;1285;1285;1281;1281;1292;1367;1434;1306;1277;1280;1286;1290;1862;1280;1273;1273;1272;1289;1313;1341;1438;1325;1304;1288;1291;1825;1272;1263;1269;1265;1456;1341;1421;1408;1818;1302;1274;1269;1268;1263;1290;1296;1454;1868;1294;1277;1278;1274;1260;1286;1305;1408;1365;1280;1303;1289;1836;1275;1265;1260;1266;1263;1315;1309;1478;1814;1344;1276;1271;1278;1280;1264;1305;1311;1452;1313;1285;1289;1304;1848;1320;1275;1265;1274;1273;1328;1372;1463;1369;1311;1288;1301;1854;1289;1301;1291;1269
3473408,146799,1836;1424;1431;1441;1417;1299;1284;1335;1386;1469;1804;1355;1282;1285;1266;1270;1264;1305;1354;1440;1365;1304;1310;1860;1326;1287;1291;1301;1280;1278;1326;1351;1481;1330;1299;1287;1854;1303;1283;1296;1299;1290;1277;1304;1322;1462;1374;1303;1294;1861;1340;1305;1284;1293;1293;1286;1292;1321;1469;1375;1298;1303;1829;1280;1274;1268;1271;1262;1291;1315;1413;2058;1397;1405;1457;1397;1319;1283;1336;1397;1506;1403;1399;1401;1955;1401;1388;1378;1343;1293;1258;1301;1317;1472;1383;1326;1307;1834;1283;1280;1282;1281;1316;1379;1466;1591
3506176,155690,1851;1305;1290;1281;1258;1270;1292;1265;1312;1355;1437;1314;1323;1864;1282;1272;1268;1263;1269;1278;1279;1333;1440;1862;1359;1276;1272;1259;1271;1283;1269;1290;1332;1426;1348;1298;1328;1877;1272;1376;1587;1498;1525;1348;1331;1363;1510;1408;1867;1301;1280;1274;1278;1268;1289;1277;1361;1452;1460;1372;1329;1885;1345;1324;1470;1801;1403;1484;1620;1382;1454;1667;1471;2562;1815;1695;1836;1684;1367;1361;1368;1372;2040;1463;1599;1566;1816;1304;1254;1302;1308;1691;2339;1610;1610;1795;1745;1427;1330;1327;1383;1373;1930;1345;1294;1272;1324
3538944,154257,1836;1272;1270;1258;1325;1402;1353;1325;1476;1403;1837;1298;1282;1302;1299;1336;1400;1489;1656;2135;1566;1572;1497;1349;1402;1296;1378;1533;1415;1893;1370;1454;1417;1397;1429;1461;1327;1377;1440;2001;1534;1464;1341;1490;1433;1367;1379;1484;1571;1446;1471;1470;2018;1431;1424;1482;1394;1348;1385;1336;1431;1418;1333;1326;2027;1315;1293;1309;1343;1337;1320;1363;1359;1486;1920;1315;1313;1306;1375;1342;1269;1292;1313;1456;1327;1285;1322;1860;1292;1276;1273;1268;1274;1282;1364;1358;1447;1306;1290;2022;1315;1307;1284;1266;1331;1311;1381;1459
3571712,158089,1961;1370;1390;1343;1354;1770;1675;1520;1428;1453;1493;1374;1951;1333;1342;1286;1278;1266;1335;1404;1394;1565;1563;1415;2013;1481;1371;1439;1477;1313;1272;1272;1313;1412;1449;1377;1918;1312;1285;1291;1330;1310;1282;1288;1323;1387;1451;1343;1905;1350;1359;1384;1308;1466;1433;1392;1482;1462;2090;1416;1447;1393;1323;1333;1391;1382;1391;1564;2273;1448;1297;1323;1367;1298;1375;1381;1501;1555;1425;1443;2084;1447;1338;1379;1408;1320;1324;1427;1942;1366;1356;1299;1297;1306;1348;1380;1468;1606;1528;1495;1407;1905;1328;1400;1423;1393;1379;1345;1462
3604480,158315,2085;1411;1420;1447;1603;1451;1392;1393;1400;1554;1675;1517;1405;1952;1360;1341;1351;1326;1344;1320;1346;1368;1516;1555;2030;1453;1495;1395;1448;1433;1395;1347;1425;1586;2170;1480;1438;1318;1407;1427;1436;1385;1428;1971;1557;1477;1461;1444;1451;1456;1586;1524;1572;1761;2034;1397;1348;1299;1304;1276;1275;1274;1274;1355;1441;1409;1572;1726;1332;1283;1352;1317;1297;1276;1270;1323;1320;1995;1305;1273;1272;1291;1299;1288;1282;1294;1323;1465;1376;1352;1940;1316;1303;1284;1307;1295;1297;1283;1310;1351;1393;1986;1308;1290;1282;1329;1301;1287;1286;1310
3637248,157064,1973;1350;1301;1283;1292;1276;1299;1280;1301;1379;1361;1478;1949;1350;1496;1330;1300;1294;1336;1292;1289;1322;1367;1465;1463;2189;1394;1325;1296;1279;1289;1286;1290;1289;1315;1387;1529;2027;1341;1328;1299;1301;1312;1292;1286;1298;1310;1357;1425;1973;1330;1275;1270;1289;1278;1293;1285;1289;1302;1362;1394;2037;1326;1311;1352;1298;1277;1302;1291;1281;1310;1385;1511;1399;2049;1315;1291;1315;1307;1303;1307;1283;1296;1351;1401;2019;1352;1319;1289;1290;1311;1462;1422;1486;1549;2109;1426;1414;1443;1463;1382;1316;1461;1519;1434;1507;1592;1661;2211;1375;1344
3670016,168989,1894;1378;1496;1510;1397;1314;1382;1450;1469;1623;1722;2337;1503;1432;1329;1364;1362;1431;1419;1458;1433;1564;1533;1454;2983;1534;1403;1406;1405;1408;1345;1343;1377;1395;1573;1614;2252;1358;1340;1311;1325;1331;1303;1298;1343;1406;1632;1393;1525;2816;1319;1318;1324;1303;1282;1289;1343;1373;1425;1488;1981;1686;1529;1375;1305;1300;1393;1854;1298;1326;1455;1363;1329;1378;1500;1492;1616;2068;1392;1382;1445;1427;1525;1444;1449;1491;1535;1685;1950;1314;1300;1348;1403;1407;1400;1468;1441;1471;1661;2053;1452;1565;1534;1434;1426;1518;1514;1632;1456;2154;1463;1465
3702784,170200,2086;1456;1401;1289;1268;1271;1297;1316;1495;1513;1488;2065;1531;1357;1314;1296;1386;1440;1435;1481;1592;1647;2079;1440;1417;1409;1446;1436;1468;1523;1505;1596;1504;1503;2094;1488;1444;1482;1496;1547;1410;1396;1564;2484;2091;1548;1494;1412;1374;1534;1432;1498;1526;1442;1496;1515;1775;2430;1400;1354;1418;1351;1349;1367;1520;1443;1945;1307;1268;1306;1294;1305;1309;1454;1674;1527;1459;1579;1747;3172;1369;1272;1273;1322;1412;1439;1587;1523;1381;1902;1316;1277;1271;1311;1355;1378;1541;1487;1353;1365;1369;2223;1520;1387;1323;1313;1316;1370;1390;1462;1391;1382;1350
