array size,estimated gas,execution time
32768,2507880,429
65536,5010576,1065
98304,7529656,1434
131072,10065120,2138
163840,12616968,3573
196608,15185200,6294
229376,17769816,6828
262144,20370816,9101
294912,22988200,11508
327680,25621968,12952
360448,28272120,13599
393216,30938656,14632
425984,33621576,15657
458752,36320880,19052
491520,39036568,21225
524288,41768640,10903
557056,44517096,26006
589824,47281936,23133
622592,50063160,29472
655360,52860768,28835
688128,55674760,28408
720896,58505136,27212
753664,61351896,39070
786432,64215040,42231
819200,67094568,50850
851968,69990480,46914
884736,72902776,62614
917504,75831456,57332
950272,78776520,60778
983040,81737968,73208
1015808,84715800,78490
1048576,87710016,79495
1081344,90720616,83253
1114112,93747600,94294
1146880,96790968,101305
1179648,99850720,105679
1212416,102926856,126694
1245184,106019376,134349
1277952,109128280,142795
1310720,112253568,146589
1343488,115395240,149185
1376256,118553296,195007
1409024,121727736,184907
1441792,124918560,178039
1474560,128125768,226076
1507328,131349360,222128
1540096,134589336,264594
1572864,137845696,260228
1605632,141118440,251087
1638400,144407568,296251
1671168,147713080,315722
1703936,151034976,337204
1736704,154373256,333654
1769472,157727920,385383
1802240,161098968,389628
1835008,164486400,459870
1867776,167890216,470564
1900544,171310416,462312
1933312,174747000,534704
1966080,178199968,540795
1998848,181669320,584234
2031616,185155056,604455
2064384,188657176,672839
2097152,192175680,715182
2129920,195710568,745702
2162688,199261840,767771
2195456,202829496,757214
2228224,206413536,801876
2260992,210013960,843533
2293760,213630768,913737
2326528,217263960,960296
2359296,220913536,1007277
2392064,224579496,1082684
2424832,228261840,1100453
2457600,231960568,1129215
2490368,235675680,1185594
2523136,239407176,1195502
2555904,243155056,1206856
2588672,246919320,1286860
2621440,250699968,1377299
2654208,254497000,1396745
2686976,258310416,1470944
2719744,262140216,1544305
2752512,265986400,1626435
